{
  "assembly": "Algonauts2025-friends-sub01",
  "true_delay": 3,
  "shuffle_floor": 0.008789777755737305,
  "curve": {
    "-12": 0.024342946708202362,
    "-6": 0.03524657338857651,
    "-3": 0.054549671709537506,
    "0": 0.11957809329032898,
    "3": 0.13215747475624084,
    "6": 0.07778996229171753,
    "12": 0.03992199897766113,
    "18": 0.03636018931865692
  },
  "best_delay": 3,
  "peak_r": 0.13215747475624084,
  "peak_near_true": true,
  "mistimed_collapses": true
}